model,auc
Equal Weights,0.8498794652640806
Learned Weights,0.8027613412228796
Spread Only,0.7749287749287749
BCI Only,0.745123822046899
